Oalr,1,19,25,18,21
Ejul,1,26,4,17,18
Aoal,1,25,19,25,18
Amuesh,1,25,14,17,26,23,9
Acdar,1,25,15,16,25,21
Evafal,1,26,10,25,8,25,18
Ir,1,24,21
Uesh,1,17,26,23,9
Eal,1,26,25,18
Aprwish,1,25,13,21,2,24,23,9
Adnoin,1,25,16,22,19,24,22
Kaelun,1,3,25,26,18,17,22
Aqul,1,25,7,17,18
Aoar,1,25,19,25,21
Atelear,1,25,20,26,18,26,25,21
Audar,1,25,17,16,25,21
Agouum,0,25,12,19,17,17,14
Acunar,1,25,15,17,22,25,21
Ehal,1,26,9,25,18
Cear,1,15,26,25,21
Arish,1,25,21,24,23,9
Eirn,1,26,24,21,22
Atdir,1,25,20,16,24,21
Fuhiodir,1,8,17,9,24,19,16,24,21
Aorelinn,1,25,19,21,26,18,24,22,22
Azritun,1,25,1,21,24,20,17,22
Agotun,1,25,12,19,20,17,22
Gen,1,12,26,22
Enum,1,26,22,17,14
Eorul,1,26,19,21,17,18
Eqywin,1,26,7,6,2,24,22
Aamdun,1,25,25,14,16,17,22
Aglr,0,25,12,18,21
Ahothul,1,25,9,19,20,9,17,18
Abriodon,1,25,11,21,24,19,16,19,22
Edhoar,1,26,16,9,19,25,21
Eshiar,1,26,23,9,24,25,21
Guon,1,12,17,19,22
Enohodon,1,26,22,19,9,19,16,19,22
Abulthul,1,25,11,17,18,20,9,17,18
Anonar,1,25,22,19,22,25,21
Cyuesh,1,15,6,17,26,23,9
Aolndar,1,25,19,18,22,16,25,21
Guladir,1,12,17,18,25,16,24,21
Esdun,1,26,23,16,17,22
Eolaish,1,26,19,18,25,24,23,9
Ciwnon,0,15,24,2,22,19,22
Aklidon,1,25,3,18,24,16,19,22
Fiar,1,8,24,25,21
Etur,1,26,20,17,21
Evoful,1,26,10,19,8,17,18
Ahmthul,1,25,9,14,20,9,17,18
Ebutun,1,26,11,17,20,17,22
Eun,1,26,17,22
Aker,1,25,3,26,21
Eunoan,1,26,17,22,19,25,22
Akin,1,25,3,24,22
Asidun,1,25,23,24,16,17,22
Efish,1,26,8,24,23,9
Ajthul,1,25,4,20,9,17,18
Aohiadon,1,25,19,9,24,25,16,19,22
Zelnor,1,1,26,18,22,19,21
Kaodon,1,3,25,19,16,19,22
Kemnothul,1,3,26,14,22,19,20,9,17,18
Esirr,0,26,23,24,21,21
Abfun,1,25,11,8,17,22
Kehordun,1,3,26,9,19,21,16,17,22
Ejr,0,26,4,21
Kan,1,3,25,22
Urinodar,0,17,21,24,22,19,16,25,21
Ejfriin,0,26,4,8,21,24,24,22
Kiyfiish,0,3,24,6,8,24,24,23,9
Eaindir,1,26,25,24,22,16,24,21
Ezmtun,1,26,1,14,20,17,22
Zthul,1,1,20,9,17,18
Zmdar,0,1,14,16,25,21
Cuhil,1,15,17,9,24,18
Avar,1,25,10,25,21
Azffir,0,25,1,8,8,24,21
Epdun,1,26,13,16,17,22
Eval,1,26,10,25,18
Kuehidar,1,3,17,26,9,24,16,25,21
Geal,1,12,26,25,18
Amum,1,25,14,17,14
Esriwish,0,26,23,21,24,2,24,23,9
Ciish,1,15,24,24,23,9
Azfr,0,25,1,8,21
Kohinar,1,3,19,9,24,22,25,21
Coriish,1,15,19,21,24,24,23,9
Ehffium,1,26,9,8,8,24,17,14
Eqridon,1,26,7,21,24,16,19,22
Odun,1,19,16,17,22
Agelfir,1,25,12,26,18,8,24,21
Aelhodon,1,25,26,18,9,19,16,19,22
Ciyadon,1,15,24,6,25,16,19,22
Ceelrr,0,15,26,26,18,21,21
Iiish,0,24,24,24,23,9
Euiesh,1,26,17,24,26,23,9
Enfir,1,26,22,8,24,21
Geroun,1,12,26,21,19,17,22
Kiar,1,3,24,25,21
Axelr,0,25,5,26,18,21
Ejdar,1,26,4,16,25,21
Emtun,1,26,14,20,17,22
Fynl,1,8,6,22,18
Eleel,0,26,18,26,26,18
Afaodir,1,25,8,25,19,16,24,21
Gurdir,1,12,17,21,16,24,21
Cyrir,1,15,6,21,24,21
Fidir,1,8,24,16,24,21
Zor,1,1,19,21
Emdir,1,26,14,16,24,21
Koar,1,3,19,25,21
Feal,1,8,26,25,18
Einn,1,26,24,22,22
Acelal,1,25,15,26,18,25,18
Elum,1,26,18,17,14
Eurir,1,26,17,21,24,21
Eauynar,0,26,25,17,6,22,25,21
Auun,0,25,17,17,22
Avmar,1,25,10,14,25,21
Oonar,1,19,19,22,25,21
Aql,0,25,7,18
Afinoul,1,25,8,24,22,19,17,18
Axthul,1,25,5,20,9,17,18
Eayuinn,1,26,25,6,17,24,22,22
Afur,1,25,8,17,21
Adaiish,0,25,16,25,24,24,23,9
Aifnul,1,25,24,8,22,17,18
Aaiar,0,25,25,24,25,21
Euar,1,26,17,25,21
Fedir,1,8,26,16,24,21
Ephinur,1,26,13,9,24,22,17,21
Ialish,1,24,25,18,24,23,9
Faur,1,8,25,17,21
Eoar,1,26,19,25,21
Esnmdun,0,26,23,22,14,16,17,22
Zin,1,1,24,22
Esrir,1,26,23,21,24,21
Kiur,1,3,24,17,21
Axrlr,0,25,5,21,18,21
Fuhonar,1,8,17,9,19,22,25,21
Egyril,0,26,12,6,21,24,18
Goinn,1,12,19,24,22,22
Acnon,1,25,15,22,19,22
Giesh,1,12,24,26,23,9
Ahifir,1,25,9,24,8,24,21
Ear,1,26,25,21
Fooelish,0,8,19,19,26,18,24,23,9
Ariul,1,25,21,24,17,18
Afdar,1,25,8,16,25,21
Auar,1,25,17,25,21
Airdir,1,25,24,21,16,24,21
Coiinn,0,15,19,24,24,22,22
Xal,1,5,25,18
Ajhoer,1,25,4,9,19,26,21
Efefiul,0,26,8,26,8,24,17,18
Xnoyn,1,5,22,19,6,22
Genol,1,12,26,22,19,18
Ztun,1,1,20,17,22
Enesh,1,26,22,26,23,9
Ejar,1,26,4,25,21
Camur,1,15,25,14,17,21
Eqtun,1,26,7,20,17,22
Azuar,1,25,1,17,25,21
Geenar,1,12,26,26,22,25,21
Onrin,1,19,22,21,24,22
Gorimum,1,12,19,21,24,14,17,14
Ajfyn,1,25,4,8,6,22
Aurioal,1,25,17,21,24,19,25,18
Zlhir,0,1,18,9,24,21
Agrhiish,0,25,12,21,9,24,24,23,9
Ejoesh,1,26,4,19,26,23,9
Esyhon,1,26,23,6,9,19,22
Ejuar,1,26,4,17,25,21
Akfelr,0,25,3,8,26,18,21
Fohonar,1,8,19,9,19,22,25,21
Anminn,1,25,22,14,24,22,22
Atuesh,1,25,20,17,26,23,9
Kenun,1,3,26,22,17,22
Esnoftun,1,26,23,22,19,8,20,17,22
Aienar,1,25,24,26,22,25,21
Cyar,1,15,6,25,21
Eoifr,0,26,19,24,8,21
Ahin,1,25,9,24,22
Aphietun,1,25,13,9,24,26,20,17,22
Akiar,1,25,3,24,25,21
Abmyun,1,25,11,14,6,17,22
Edun,1,26,16,17,22
Ebtun,1,26,11,20,17,22
Alwr,0,25,18,2,21
Gan,1,12,25,22
Afr,0,25,8,21
Abufum,1,25,11,17,8,17,14
Fielriinn,1,8,24,26,18,21,24,24,22,22
Cefur,1,15,26,8,17,21
Akhiiul,1,25,3,9,24,24,17,18
Eyrinol,1,26,6,21,24,22,19,18
Aefiinn,1,25,26,8,24,24,22,22
Cual,1,15,17,25,18
Euoin,1,26,17,19,24,22
Ephodon,1,26,13,9,19,16,19,22
Kehielur,1,3,26,9,24,26,18,17,21
Edl,0,26,16,18
Zwnor,0,1,2,22,19,21
Adish,1,25,16,24,23,9
Ebrium,1,26,11,21,24,17,14
Efiesh,1,26,8,24,26,23,9
Cuur,0,15,17,17,21
Ekish,1,26,3,24,23,9
Agish,1,25,12,24,23,9
Unwum,1,17,22,2,17,14
Ayum,1,25,6,17,14
Emr,0,26,14,21
Aahoal,0,25,25,9,19,25,18
Elnnoar,0,26,18,22,22,19,25,21
Ernomun,0,26,21,22,19,14,17,22
Endon,1,26,22,16,19,22
Cuil,1,15,17,24,18
Ajfitun,0,25,4,8,24,20,17,22
Ceur,1,15,26,17,21
Aanoun,1,25,25,22,19,17,22
Aqdon,1,25,7,16,19,22
Kafum,1,3,25,8,17,14
Ajlfin,1,25,4,18,8,24,22
Ehthul,1,26,9,20,9,17,18
Finlul,1,8,24,22,18,17,18
Yffiish,0,6,8,8,24,24,23,9
Anfriin,1,25,22,8,21,24,24,22
Aifdon,1,25,24,8,16,19,22
Kyaninn,1,3,6,25,22,24,22,22
Aethul,1,25,26,20,9,17,18
Acel,1,25,15,26,18
Ceuyul,1,15,26,17,6,17,18
Apmelum,1,25,13,14,26,18,17,14
Ethoidar,1,26,20,9,19,24,16,25,21
Emnelthul,1,26,14,22,26,18,20,9,17,18
Apn,0,25,13,22
Efnohitun,0,26,8,22,19,9,24,20,17,22
Evur,1,26,10,17,21
Ayuetun,1,25,6,17,26,20,17,22
Afelfur,1,25,8,26,18,8,17,21
Cual,1,15,17,25,18
Cyur,1,15,6,17,21
Aur,1,25,17,21
Arhorl,1,25,21,9,19,21,18
Aamar,1,25,25,14,25,21
Fon,1,8,19,22
Asfnar,1,25,23,8,22,25,21
Err,0,26,21,21
Korr,1,3,19,21,21
Cohoesh,1,15,19,9,19,26,23,9
Zeluun,1,1,26,18,17,17,22
Cuothul,1,15,17,19,20,9,17,18
Apilish,1,25,13,24,18,24,23,9
Aolesh,1,25,19,18,26,23,9
Fyanonar,1,8,6,25,22,19,22,25,21
Ear,1,26,25,21
Gunodon,1,12,17,22,19,16,19,22
Ciun,1,15,24,17,22
Adyum,1,25,16,6,17,14
Irihitun,1,24,21,24,9,24,20,17,22
Emudir,1,26,14,17,16,24,21
Cyfielun,1,15,6,8,24,26,18,17,22
Euyr,1,26,17,6,21
Eiurar,1,26,24,17,21,25,21
Alum,1,25,18,17,14
Eomeldun,1,26,19,14,26,18,16,17,22
Eyor,1,26,6,19,21
Aselhoinn,1,25,23,26,18,9,19,24,22,22
Evrr,0,26,10,21,21
Alrium,1,25,18,21,24,17,14
Eonar,1,26,19,22,25,21
Kyal,1,3,6,25,18
Ehrrium,1,26,9,21,21,24,17,14
Ebrish,1,26,11,21,24,23,9
Acririur,0,25,15,21,24,21,24,17,21
Feouar,1,8,26,19,17,25,21
Equn,1,26,7,17,22
Kur,1,3,17,21
Xmen,0,5,14,26,22
Afar,1,25,8,25,21
Aqfiethul,0,25,7,8,24,26,20,9,17,18
Amhoell,1,25,14,9,19,26,18,18
Alur,1,25,18,17,21
Aktun,1,25,3,20,17,22
Apyar,1,25,13,6,25,21
Eslur,1,26,23,18,17,21
Alar,1,25,18,25,21
Erriul,1,26,21,21,24,17,18
Xur,1,5,17,21
Ann,0,25,22,22
Ecun,1,26,15,17,22
Xwr,0,5,2,21
Cofiyar,1,15,19,8,24,6,25,21
Geful,1,12,26,8,17,18
Ehiar,1,26,9,24,25,21
Ekhiar,1,26,3,9,24,25,21
Aeulthul,1,25,26,17,18,20,9,17,18
Aolol,1,25,19,18,19,18
Cirwinn,1,15,24,21,2,24,22,22
Gedar,1,12,26,16,25,21
Far,1,8,25,21
Eifidar,1,26,24,8,24,16,25,21
Esul,1,26,23,17,18
Eguoesh,1,26,12,17,19,26,23,9
Auanoal,1,25,17,25,22,19,25,18
Agdir,1,25,12,16,24,21
Goish,1,12,19,24,23,9
Gyful,1,12,6,8,17,18
Fyydir,0,8,6,6,16,24,21
Epwenar,1,26,13,2,26,22,25,21
Ecwhoul,1,26,15,2,9,19,17,18
Etythul,1,26,20,6,20,9,17,18
Eziul,1,26,1,24,17,18
Err,0,26,21,21
Al,0,25,18
Iell,0,24,26,18,18
Ahlthul,1,25,9,18,20,9,17,18
Etnar,1,26,20,22,25,21
Fofwish,0,8,19,8,2,24,23,9
Annun,1,25,22,22,17,22
Ehyinn,1,26,9,6,24,22,22
Cefiyul,1,15,26,8,24,6,17,18
Cun,0,15,17,22
Elnnoul,1,26,18,22,22,19,17,18
Aroaar,0,25,21,19,25,25,21
Adhoar,1,25,16,9,19,25,21
Goish,1,12,19,24,23,9
Ehen,1,26,9,26,22
Ulum,1,17,18,17,14
Efwar,1,26,8,2,25,21
Caar,1,15,25,25,21
Aduhiar,1,25,16,17,9,24,25,21
Conhoar,1,15,19,22,9,19,25,21
Cyar,1,15,6,25,21
Asfinn,1,25,23,8,24,22,22
Aeum,1,25,26,17,14
Finofidun,1,8,24,22,19,8,24,16,17,22
Eowur,1,26,19,2,17,21
Elinnar,1,26,18,24,22,22,25,21
Azal,1,25,1,25,18
Eswml,0,26,23,2,14,18
Zthul,1,1,20,9,17,18
Eziaul,1,26,1,24,25,17,18
Oal,1,19,25,18
Axnoul,1,25,5,22,19,17,18
Aldon,1,25,18,16,19,22
Eftun,1,26,8,20,17,22
Amdar,1,25,14,16,25,21
Edwnar,1,26,16,2,22,25,21
Uelodun,1,17,26,18,19,16,17,22
Amriil,1,25,14,21,24,24,18
Cen,1,15,26,22
Ezothul,1,26,1,19,20,9,17,18
Ahohor,0,25,9,19,9,19,21
Esahonar,1,26,23,25,9,19,22,25,21
Kueum,1,3,17,26,17,14
Kafn,1,3,25,8,22
Abrdun,1,25,11,21,16,17,22
Aeon,1,25,26,19,22
Cefihin,1,15,26,8,24,9,24,22
Aslinn,1,25,23,18,24,22,22
Kalndar,1,3,25,18,22,16,25,21
Eflyn,1,26,8,18,6,22
Atlhodun,1,25,20,18,9,19,16,17,22
Elr,0,26,18,21
Adnoesh,1,25,16,22,19,26,23,9
Emwfinn,0,26,14,2,8,24,22,22
Atfiathul,0,25,20,8,24,25,20,9,17,18
Kaein,1,3,25,26,24,22
Allar,1,25,18,18,25,21
Etfnoum,0,26,20,8,22,19,17,14
Aznomesh,1,25,1,22,19,14,26,23,9
Atr,0,25,20,21
Zfydon,0,1,8,6,16,19,22
Cear,1,15,26,25,21
Amwthul,1,25,14,2,20,9,17,18
Eduun,1,26,16,17,17,22
Aual,1,25,17,25,18
Aghor,1,25,12,9,19,21
Aawldon,1,25,25,2,18,16,19,22
Ahthul,1,25,9,20,9,17,18
Edfidun,1,26,16,8,24,16,17,22
Cenar,1,15,26,22,25,21
Ezrirdar,0,26,1,21,24,21,16,25,21
Eoewl,1,26,19,26,2,18
Ehoeesh,0,26,9,19,26,26,23,9
Cadar,1,15,25,16,25,21
Cunodar,1,15,17,22,19,16,25,21
Coonar,0,15,19,19,22,25,21
Girlinn,1,12,24,21,18,24,22,22
Ajar,1,25,4,25,21
Ihoin,1,24,9,19,24,22
Esnl,0,26,23,22,18
Aohon,1,25,19,9,19,22
Abodir,1,25,11,19,16,24,21
Egish,1,26,12,24,23,9
Oin,1,19,24,22
Ajul,1,25,4,17,18
Kaal,1,3,25,25,18
Alminn,1,25,18,14,24,22,22
Avriridun,0,25,10,21,24,21,24,16,17,22
Ezal,1,26,1,25,18
Unor,1,17,22,19,21
Adnhil,1,25,16,22,9,24,18
Feron,1,8,26,21,19,22
Kyfn,0,3,6,8,22
Acnlur,1,25,15,22,18,17,21
Gein,1,12,26,24,22
Gorihiur,1,12,19,21,24,9,24,17,21
Ydon,1,6,16,19,22
Egun,1,26,12,17,22
Andun,1,25,22,16,17,22
Aoelol,0,25,19,26,18,19,18
Ehr,0,26,9,21
Keur,1,3,26,17,21
Arnoaur,0,25,21,22,19,25,17,21
Fauadir,1,8,25,17,25,16,24,21
Evr,0,26,10,21
Ehin,1,26,9,24,22
Aydir,1,25,6,16,24,21
Ahn,0,25,9,22
Kyeyr,0,3,6,26,6,21
Eumutun,1,26,17,14,17,20,17,22
Feuythul,1,8,26,17,6,20,9,17,18
Fyeal,1,8,6,26,25,18
Eydar,1,26,6,16,25,21
Azur,1,25,1,17,21
Abthul,1,25,11,20,9,17,18
Cudir,1,15,17,16,24,21
Fiar,1,8,24,25,21
Asoul,1,25,23,19,17,18
Efesh,1,26,8,26,23,9
Aemmr,0,25,26,14,14,21
Eqafidon,1,26,7,25,8,24,16,19,22
Eyeul,1,26,6,26,17,18
Iinn,0,24,24,22,22
Fennesh,1,8,26,22,22,26,23,9
Xnodar,0,5,22,19,16,25,21
Geelmdun,0,12,26,26,18,14,16,17,22
Caorin,1,15,25,19,21,24,22
Ebundir,1,26,11,17,22,16,24,21
Cirmesh,1,15,24,21,14,26,23,9
Axrtun,0,25,5,21,20,17,22
Eqornar,0,26,7,19,21,22,25,21
Alish,1,25,18,24,23,9
Iiidir,0,24,24,24,16,24,21
Adish,1,25,16,24,23,9
Koul,1,3,19,17,18
Kil,1,3,24,18
Ear,1,26,25,21
Atmdun,0,25,20,14,16,17,22
Faaal,0,8,25,25,25,18
Kiaridun,1,3,24,25,21,24,16,17,22
Cidir,1,15,24,16,24,21
Eifilnar,1,26,24,8,24,18,22,25,21
Eofelesh,1,26,19,8,26,18,26,23,9
Enar,1,26,22,25,21
Geail,1,12,26,25,24,18
Ehal,1,26,9,25,18
Kihiar,1,3,24,9,24,25,21
Godar,1,12,19,16,25,21
Kiwnoinn,1,3,24,2,22,19,24,22,22
Abriin,1,25,11,21,24,24,22
Aqaaish,1,25,7,25,25,24,23,9
Aolfitun,1,25,19,18,8,24,20,17,22
Etl,0,26,20,18
Urfiar,1,17,21,8,24,25,21
Endir,1,26,22,16,24,21
Canedun,1,15,25,22,26,16,17,22
Farl,1,8,25,21,18
Abrirish,0,25,11,21,24,21,24,23,9
Iar,1,24,25,21
Aulinn,1,25,17,18,24,22,22
Ecfidon,1,26,15,8,24,16,19,22
Ereelr,1,26,21,26,26,18,21
Epmldon,1,26,13,14,18,16,19,22
Eqmrr,0,26,7,14,21,21
Cunotun,1,15,17,22,19,20,17,22
Ferir,1,8,26,21,24,21
Fynofish,1,8,6,22,19,8,24,23,9
Almur,1,25,18,14,17,21
Aqelfitun,1,25,7,26,18,8,24,20,17,22
Ahmhol,1,25,9,14,9,19,18
Kerioun,1,3,26,21,24,19,17,22
Ebeluar,1,26,11,26,18,17,25,21
Elfidar,1,26,18,8,24,16,25,21
Erhiar,1,26,21,9,24,25,21
Echoaar,1,26,15,9,19,25,25,21
Erfiar,1,26,21,8,24,25,21
Ahyish,1,25,9,6,24,23,9
Earmun,1,26,25,21,14,17,22
Aurifil,1,25,17,21,24,8,24,18
Iar,1,24,25,21
Eiul,1,26,24,17,18
Gir,1,12,24,21
Asinn,1,25,23,24,22,22
Gufiynar,1,12,17,8,24,6,22,25,21
Eoar,1,26,19,25,21